0,1,2,3,4,5,6,7,8,9,date
1,BTC Bitcoin,BTC,"$1,488,566,971.96",$134.21,11.091.325  BTC,"0,64  %",--,--,,2013_04_28
2,LTC Litecoin,LTC,"$74,637,021.57",$4.3484,17.164.230  LTC,"0,80  %",--,--,,2013_04_28
3,PPC Peercoin,PPC,"$7,250,186.65",$0.3865,18.757.362  PPC,"-0,93  %",--,--,,2013_04_28
4,NMC Namecoin,NMC,"$5,995,997.19",$1.1072,5.415.300  NMC,"-0,05  %",--,--,,2013_04_28
5,TRC Terracoin,TRC,"$1,503,099.40",$0.6469,2.323.570  TRC,"0,61  %",--,--,,2013_04_28
6,DVC Devcoin,DVC,"$1,424,087.30",$0.0003261,4.366.620.160  DVC,"0,46  %",--,--,,2013_04_28
7,NVC Novacoin,NVC,"$1,162,266.30",$4.2464,273.706  NVC,"2,14  %",--,--,,2013_04_28
1,BTC Bitcoin,BTC,"$1,288,693,216.22",$115.91,11.118.050  BTC,"0,43  %","2,97  %","-13,81  %",,2013_05_05
2,LTC Litecoin,LTC,"$62,298,217.32",$3.5909,17.348.954  LTC,"0,10  %","2,87  %","-16,72  %",,2013_05_05
3,NMC Namecoin,NMC,"$6,290,543.05",$1.1510,5.465.350  NMC,"-1,19  %","8,91  %","1,64  %",,2013_05_05
4,PPC Peercoin,PPC,"$5,718,446.46",$0.3037,18.830.240  PPC,"0,31  %","2,61  %","-22,20  %",,2013_05_05
5,FTC Feathercoin,FTC,"$2,017,436.23",$0.313,6.444.650  FTC,"-12,81  %","-29,71  %",--,,2013_05_05
6,FRC Freicoin,FRC,"$1,627,438.51",$0.08114,20.057.908  FRC,"-14,89  %","-23,15  %",--,,2013_05_05
7,TRC Terracoin,TRC,"$1,367,162.39",$0.568,2.407.150  TRC,"1,13  %","-3,05  %","-12,34  %",,2013_05_05
8,DVC Devcoin,DVC,"$1,052,081.53",$0.0002388,4.406.170.112  DVC,"0,63  %","-12,41  %","-27,21  %",,2013_05_05
9,NVC Novacoin,NVC,"$1,015,804.46",$3.6871,275.503  NVC,"1,26  %","5,17  %","-11,72  %",,2013_05_05
10,MNC Mincoin,MNC,"$118,657.23",$0.1159,1.023.701  MNC,"0,31  %","-60,48  %",--,,2013_05_05
1,BTC Bitcoin,BTC,"$1,281,982,625.00",$115.00,11.147.675  BTC,"-0,03  %","-0,41  %","-1,88  %",,2013_05_12
2,LTC Litecoin,LTC,"$57,513,319.09",$3.2694,17.591.130  LTC,"0,17  %","-2,61  %","-9,91  %",,2013_05_12
3,NMC Namecoin,NMC,"$4,674,413.40",$0.8464,5.522.700  NMC,"0,02  %","0,61  %","-26,82  %",,2013_05_12
4,PPC Peercoin,PPC,"$4,585,556.07",$0.2427,18.897.820  PPC,"-1,20  %","-4,88  %","-21,46  %",,2013_05_12
5,NVC Novacoin,NVC,"$984,531.38",$3.5201,279.685  NVC,"-0,10  %","-0,28  %","-4,43  %",,2013_05_12
6,DVC Devcoin,DVC,"$983,447.61",$0.0002208,4.454.020.096  DVC,"0,58  %","3,67  %","-8,65  %",,2013_05_12
7,TRC Terracoin,TRC,"$954,262.84",$0.3807,2.506.930  TRC,"-1,02  %","-5,49  %","-33,23  %",,2013_05_12
8,FTC Feathercoin,FTC,"$820,221.45",$0.1253,6.543.450  FTC,"-0,48  %","-5,69  %","-63,30  %",,2013_05_12
9,FRC Freicoin,FRC,"$748,241.76",$0.03596,20.807.988  FRC,"0,02  %","-20,35  %","-59,81  %",,2013_05_12
10,CNC CHNCoin,CNC,"$489,370.40",$0.0966,5.065.946  CNC,"2,83  %","-11,26  %",--,,2013_05_12
11,MNC Mincoin,MNC,"$247,203.65",$0.237,1.042.987  MNC,"-0,03  %","8,04  %","90,65  %",,2013_05_12
12,BQC BBQCoin,BQC,"$156,410.47",$0.0092,17.001.138  BQC,"-2,70  %","-15,27  %",--,,2013_05_12
13,IXC Ixcoin,IXC,"$147,029.97",$0.01162,12.653.618  IXC,"-0,33  %","-16,83  %",--,,2013_05_12
14,BTB BitBar,BTB,"$82,905.80",$28.86,2872  BTB,"13,72  %","35,30  %",--,,2013_05_12
1,BTC Bitcoin,BTC,"$1,363,205,019.90",$121.99,11.174.725  BTC,"-0,35  %","-1,14  %","5,70  %",,2013_05_19
2,LTC Litecoin,LTC,"$58,760,675.05",$3.3035,17.787.454  LTC,"-0,80  %","-0,19  %","0,98  %",,2013_05_19
3,NMC Namecoin,NMC,"$4,789,082.16",$0.8576,5.584.350  NMC,"0,94  %","5,72  %","0,51  %",,2013_05_19
4,PPC Peercoin,PPC,"$3,934,412.36",$0.2074,18.971.716  PPC,"-1,26  %","15,47  %","-14,73  %",,2013_05_19
5,NVC Novacoin,NVC,"$1,020,004.70",$3.6182,281.908  NVC,"-1,48  %","-2,24  %","1,88  %",,2013_05_19
6,TRC Terracoin,TRC,"$934,991.48",$0.3587,2.606.970  TRC,"-0,88  %","-4,51  %","-6,12  %",,2013_05_19
7,DVC Devcoin,DVC,"$906,212.77",$0.0002013,4.502.170.112  DVC,"0,08  %","3,91  %","-8,15  %",,2013_05_19
8,FTC Feathercoin,FTC,"$833,818.95",$0.1269,6.572.250  FTC,"0,34  %","-0,47  %","0,72  %",,2013_05_19
9,FRC Freicoin,FRC,"$711,435.19",$0.03416,20.827.516  FRC,"-0,34  %","7,07  %","-7,13  %",,2013_05_19
10,CNC CHNCoin,CNC,"$485,058.81",$0.09515,5.097.714  CNC,"0,76  %","-4,04  %","-0,39  %",,2013_05_19
11,MNC Mincoin,MNC,"$207,096.26",$0.1952,1.061.031  MNC,"-0,35  %","-12,13  %","-17,93  %",,2013_05_19
12,IXC Ixcoin,IXC,"$154,515.88",$0.01221,12.653.618  IXC,"8,43  %","20,52  %","-0,55  %",,2013_05_19
13,BTB BitBar,BTB,"$128,439.08",$42.70,3008  BTB,"15,43  %","-2,16  %","21,68  %",,2013_05_19
14,BQC BBQCoin,BQC,"$123,231.29",$0.007075,17.416.812  BQC,"-6,78  %","-5,29  %","-24,13  %",,2013_05_19
1,BTC Bitcoin,BTC,"$1,495,292,967.14",$133.48,11.202.375  BTC,"-1,16  %","1,74  %","9,61  %",,2013_05_26
2,LTC Litecoin,LTC,"$58,458,016.95",$3.2489,17.993.154  LTC,"-0,37  %","4,65  %","-1,02  %",,2013_05_26
3,NMC Namecoin,NMC,"$5,251,485.27",$0.9304,5.644.600  NMC,"-2,32  %","-1,64  %","8,05  %",,2013_05_26
4,PPC Peercoin,PPC,"$3,612,498.62",$0.1895,19.059.134  PPC,"-6,42  %","-9,94  %","-9,29  %",,2013_05_26
5,NVC Novacoin,NVC,"$1,225,595.40",$4.3087,284.444  NVC,"-2,43  %","3,43  %","18,24  %",,2013_05_26
6,DVC Devcoin,DVC,"$915,607.00",$0.0002015,4.542.720.000  DVC,"-0,82  %","1,54  %","-1,00  %",,2013_05_26
7,TRC Terracoin,TRC,"$842,448.90",$0.3123,2.697.190  TRC,"-3,42  %","-9,58  %","-12,35  %",,2013_05_26
8,FRC Freicoin,FRC,"$687,220.00",$0.0327,21.014.232  FRC,"-1,19  %","5,72  %","-5,50  %",,2013_05_26
9,FTC Feathercoin,FTC,"$654,331.38",$0.09878,6.624.450  FTC,"-2,47  %","-5,59  %","-21,17  %",,2013_05_26
10,CNC CHNCoin,CNC,"$374,915.45",$0.07341,5.106.866  CNC,"-2,95  %","-1,54  %","-22,36  %",,2013_05_26
11,MNC Mincoin,MNC,"$130,393.11",$0.1218,1.070.899  MNC,"-9,23  %","11,89  %","-37,73  %",,2013_05_26
12,IXC Ixcoin,IXC,"$127,367.86",$0.01007,12.653.618  IXC,"-1,19  %","2,98  %","-15,45  %",,2013_05_26
13,BQC BBQCoin,BQC,"$114,258.29",$0.006407,17.833.240  BQC,"-2,35  %","-6,72  %","-11,35  %",,2013_05_26
14,WDC WorldCoin,WDC,"$61,369.21",$0.02565,2.392.562  WDC,"-0,10  %","-10,51  %",--,,2013_05_26
15,BTB BitBar,BTB,"$54,030.08",$17.36,3113  BTB,"-1,19  %","-2,67  %","-56,63  %",,2013_05_26
1,BTC Bitcoin,BTC,"$1,373,839,383.45",$122.29,11.234.075  BTC,"1,00  %","-5,23  %","-9,13  %",,2013_06_02
2,LTC Litecoin,LTC,"$49,625,738.78",$2.7271,18.197.154  LTC,"0,85  %","-3,62  %","-16,04  %",,2013_06_02
3,NMC Namecoin,NMC,"$4,038,794.14",$0.7093,5.694.100  NMC,"0,82  %","-5,36  %","-24,94  %",,2013_06_02
4,PPC Peercoin,PPC,"$2,899,779.44",$0.1516,19.122.498  PPC,"1,39  %","-5,69  %","-23,08  %",,2013_06_02
5,NVC Novacoin,NVC,"$1,117,980.01",$3.9048,286.310  NVC,"0,93  %","-6,74  %","-10,46  %",,2013_06_02
6,DVC Devcoin,DVC,"$674,189.93",$0.0001467,4.594.120.192  DVC,"1,00  %","-0,73  %","-27,32  %",,2013_06_02
7,TRC Terracoin,TRC,"$662,838.49",$0.2385,2.779.550  TRC,"1,00  %","-11,96  %","-25,29  %",,2013_06_02
8,FTC Feathercoin,FTC,"$545,794.55",$0.08194,6.661.250  FTC,"2,08  %","-4,83  %","-18,23  %",,2013_06_02
9,FRC Freicoin,FRC,"$417,750.51",$0.01981,21.086.442  FRC,"1,00  %","-20,39  %","-39,99  %",,2013_06_02
10,CNC CHNCoin,CNC,"$287,451.99",$0.05625,5.109.858  CNC,"1,00  %","-3,95  %","-26,10  %",,2013_06_02
11,IXC Ixcoin,IXC,"$86,656.55",$0.006848,12.653.618  IXC,"1,00  %","-8,33  %","-33,19  %",,2013_06_02
12,MNC Mincoin,MNC,"$78,887.29",$0.07338,1.075.103  MNC,"1,00  %","-0,24  %","-42,88  %",,2013_06_02
13,BQC BBQCoin,BQC,"$76,751.02",$0.004207,18.244.294  BQC,"0,70  %","-2,35  %","-35,14  %",,2013_06_02
14,BTB BitBar,BTB,"$52,295.84",$15.91,3287  BTB,"0,97  %","-5,23  %","-11,04  %",,2013_06_02
1,BTC Bitcoin,BTC,"$1,126,642,500.00",$100.00,11.266.425  BTC,"-2,04  %","-8,00  %","-16,89  %",,2013_06_09
2,LTC Litecoin,LTC,"$43,858,288.59",$2.3830,18.404.654  LTC,"-1,66  %","-7,44  %","-11,80  %",,2013_06_09
3,NMC Namecoin,NMC,"$3,311,798.26",$0.576,5.749.650  NMC,"-2,41  %","-6,50  %","-17,73  %",,2013_06_09
4,PPC Peercoin,PPC,"$2,267,778.06",$0.118,19.218.458  PPC,"-1,20  %","-1,33  %","-20,40  %",,2013_06_09
5,NVC Novacoin,NVC,"$953,097.98",$3.3050,288.381  NVC,"-1,89  %","-6,48  %","-14,65  %",,2013_06_09
6,FTC Feathercoin,FTC,"$852,774.31",$0.126,6.768.050  FTC,"0,33  %","17,16  %","59,03  %",,2013_06_09
7,TRC Terracoin,TRC,"$556,761.98",$0.195,2.855.190  TRC,"-2,29  %","-3,18  %","-17,77  %",,2013_06_09
8,DVC Devcoin,DVC,"$538,224.93",$0.000116,4.639.869.952  DVC,"-2,06  %","-11,04  %","-21,43  %",,2013_06_09
9,FRC Freicoin,FRC,"$344,283.64",$0.01613,21.345.628  FRC,"-2,06  %","-2,76  %","-19,99  %",,2013_06_09
10,CNC CHNCoin,CNC,"$260,701.49",$0.051,5.111.794  CNC,"-1,28  %","-3,96  %","-8,39  %",,2013_06_09
11,BQC BBQCoin,BQC,"$98,890.42",$0.0053,18.658.570  BQC,"-3,87  %","-3,45  %","27,98  %",,2013_06_09
12,YAC Yacoin,YAC,"$98,315.19",$0.0302,3.255.470  YAC,"-4,95  %",--,--,,2013_06_09
13,DGC Digitalcoin,DGC,"$70,346.91",$0.0392,1.794.564  DGC,"3,10  %",--,--,,2013_06_09
14,WDC WorldCoin,WDC,"$60,438.16",$0.01287,4.696.050  WDC,"-2,27  %",--,--,,2013_06_09
15,BTB BitBar,BTB,"$45,586.21",$13.10,3479  BTB,"-2,07  %","-9,71  %","-16,29  %",,2013_06_09
16,MNC Mincoin,MNC,"$44,972.33",$0.0411,1.094.217  MNC,"-2,06  %","-27,57  %","-42,74  %",,2013_06_09
17,MEM Memecoin,MEM,"$14,865.88",$0.001715,8.668.150  MEM,"-0,13  %",--,--,,2013_06_09
18,AMC AmericanCoin,AMC,"$4,150.01",$0.004178,993.300  AMC,"-2,57  %",--,--,,2013_06_09
19,FRK Franko,FRK,"$2,772.80",$0.15,18.485  FRK,"-2,59  %",--,--,,2013_06_09
20,ELC Elacoin,ELC,$768.13,$0.036,21.337  ELC,"-18,23  %",--,--,,2013_06_09
1,BTC Bitcoin,BTC,"$1,124,306,468.29",$99.51,11.298.425  BTC,"-0,01  %","-0,89  %","-1,32  %",,2013_06_16
2,LTC Litecoin,LTC,"$39,617,176.03",$2.1295,18.603.854  LTC,"0,84  %","1,31  %","-10,92  %",,2013_06_16
3,NMC Namecoin,NMC,"$2,313,381.58",$0.3951,5.855.850  NMC,"1,27  %","-2,70  %","-31,91  %",,2013_06_16
4,PPC Peercoin,PPC,"$2,131,363.14",$0.1105,19.296.016  PPC,"-0,78  %","0,16  %","-5,51  %",,2013_06_16
5,NVC Novacoin,NVC,"$943,738.73",$3.2470,290.648  NVC,"-0,29  %","-1,17  %","-2,72  %",,2013_06_16
6,FTC Feathercoin,FTC,"$817,909.00",$0.1085,7.540.700  FTC,"0,39  %","-5,68  %","-13,05  %",,2013_06_16
7,TRC Terracoin,TRC,"$468,510.18",$0.1602,2.924.330  TRC,"0,08  %","-3,21  %","-18,49  %",,2013_06_16
8,DVC Devcoin,DVC,"$411,176.50",$0.00008774,4.686.519.808  DVC,"1,33  %","-2,48  %","-25,48  %",,2013_06_16
9,FRC Freicoin,FRC,"$386,099.25",$0.01791,21.554.378  FRC,"-0,01  %","1,96  %","11,03  %",,2013_06_16
10,CNC CHNCoin,CNC,"$216,136.99",$0.04179,5.171.458  CNC,"-0,01  %","-1,85  %","-18,66  %",,2013_06_16
11,BQC BBQCoin,BQC,"$83,118.07",$0.004359,19.070.168  BQC,"7,00  %","5,17  %","-19,47  %",,2013_06_16
12,DGC Digitalcoin,DGC,"$71,553.91",$0.02987,2.395.198  DGC,"0,06  %","2,39  %","-20,51  %",,2013_06_16
13,YAC Yacoin,YAC,"$70,774.48",$0.0199,3.556.148  YAC,"-0,65  %","-4,87  %","-39,70  %",,2013_06_16
14,WDC WorldCoin,WDC,"$56,980.47",$0.009473,6.014.815  WDC,"-0,01  %","-3,74  %",--,,2013_06_16
15,MNC Mincoin,MNC,"$37,617.32",$0.03393,1.108.579  MNC,"-0,01  %","-18,87  %","-19,08  %",,2013_06_16
16,BTB BitBar,BTB,"$21,486.74",$5.9706,3599  BTB,"-11,12  %","-8,50  %","-54,80  %",,2013_06_16
17,GLC GoldCoin,GLC,"$19,834.44",$0.001462,13.566.450  GLC,"-0,67  %","23,24  %",--,,2013_06_16
18,MEM Memecoin,MEM,"$8,474.66",$0.0008163,10.381.550  MEM,"-0,33  %","15,87  %","-49,94  %",,2013_06_16
19,LKY Luckycoin,LKY,"$7,949.17",$0.002512,3.164.008  LKY,"-0,05  %","-3,59  %",--,,2013_06_16
20,FRK Franko,FRK,"$4,284.35",$0.1939,22.091  FRK,"16,59  %","42,68  %","29,36  %",,2013_06_16
21,AMC AmericanCoin,AMC,"$2,148.21",$0.002115,1.015.900 AMC,"-0,01%","-0,54%","-50,09%",,2013_06_16
22,JKC Junkcoin,JKC,"$1,958.27",$0.0003806,5.145.900 JKC,"1,00%","7,89%",--,,2013_06_16
23,NBL Nibble,NBL,"$1,867.33",$0.002984,625.804 NBL,"0,22%","18,64%",--,,2013_06_16
24,ELC Elacoin,ELC,"$1,392.67",$0.06468,21.530 ELC,"-0,01%","0,58%","19,87%",,2013_06_16
1,BTC Bitcoin,BTC,"$1,218,626,731.94",$107.60,11.325.525  BTC,"-0,27  %","-0,60  %","7,69  %",,2013_06_23
2,LTC Litecoin,LTC,"$58,663,951.67",$3.1172,18.819.604  LTC,"-0,59  %","2,78  %","47,72  %",,2013_06_23
3,NMC Namecoin,NMC,"$3,329,217.96",$0.5627,5.916.000  NMC,"-1,19  %","0,81  %","39,70  %",,2013_06_23
4,PPC Peercoin,PPC,"$2,358,403.70",$0.1216,19.396.678  PPC,"-0,50  %","-2,03  %","10,35  %",,2013_06_23
5,NVC Novacoin,NVC,"$1,042,586.72",$3.4970,298.137  NVC,"-0,55  %","0,07  %","7,07  %",,2013_06_23
6,FTC Feathercoin,FTC,"$799,217.02",$0.09899,8.073.550  FTC,"-0,11  %","16,47  %","-8,82  %",,2013_06_23
7,TRC Terracoin,TRC,"$416,782.31",$0.1399,2.979.570  TRC,"0,50  %","2,07  %","-13,00  %",,2013_06_23
8,DVC Devcoin,DVC,"$407,340.96",$0.00008608,4.732.120.064  DVC,"-0,27  %","-4,26  %","-4,30  %",,2013_06_23
9,FRC Freicoin,FRC,"$274,484.38",$0.01259,21.801.296  FRC,"-0,33  %","-24,96  %","-29,85  %",,2013_06_23
10,CNC CHNCoin,CNC,"$135,261.23",$0.02582,5.237.810  CNC,"4,10  %","-25,48  %","-38,17  %",,2013_06_23
11,DGC Digitalcoin,DGC,"$84,169.38",$0.02819,2.985.547  DGC,"0,34  %","-2,42  %","-4,86  %",,2013_06_23
12,YAC Yacoin,YAC,"$82,023.91",$0.02163,3.792.557  YAC,"-0,32  %","-0,96  %","5,92  %",,2013_06_23
13,BQC BBQCoin,BQC,"$79,853.09",$0.0041,19.478.450  BQC,"-0,23  %","-3,86  %","-2,58  %",,2013_06_23
14,IXC Ixcoin,IXC,"$68,433.51",$0.00495,13.826.066  IXC,"-0,20  %",--,--,,2013_06_23
15,WDC WorldCoin,WDC,"$67,830.58",$0.009766,6.945.743  WDC,"-0,23  %","-0,33  %","6,40  %",,2013_06_23
16,BTB BitBar,BTB,"$24,643.61",$6.5636,3755  BTB,"-0,23  %","-0,60  %","3,53  %",,2013_06_23
17,MNC Mincoin,MNC,"$24,316.38",$0.02153,1.129.661  MNC,"-0,33  %","-0,59  %","-36,82  %",,2013_06_23
18,GLC GoldCoin,GLC,"$18,141.18",$0.001189,15.263.950  GLC,"-0,41  %","13,07  %","-20,14  %",,2013_06_23
19,MEM Memecoin,MEM,"$13,338.13",$0.00109,12.236.950  MEM,"-0,02  %","-4,68  %","29,75  %",,2013_06_23
20,BTE Bytecoin,BTE,"$11,370.84",$0.01238,918.850  BTE,"-0,23  %","-18,72  %",--,,2013_06_23
21,LKY Luckycoin,LKY,"$11,294.04",$0.002799,4.035.492 LKY,"-0,23%","-3,76%","9,61%",,2013_06_23
22,FRK Franko,FRK,"$4,335.78",$0.1668,25.997 FRK,"-0,23%","-0,63%","10,67%",,2013_06_23
23,NBL Nibble,NBL,"$3,232.05",$0.004305,750.754 NBL,"-0,23%","-0,65%","44,03%",,2013_06_23
24,AMC AmericanCoin,AMC,"$2,421.87",$0.002282,1.061.200 AMC,"-0,23%","-9,95%","7,50%",,2013_06_23
25,JKC Junkcoin,JKC,"$2,081.27",$0.0003797,5.481.100 JKC,"-0,40%","3,21%","1,60%",,2013_06_23
26,ELC Elacoin,ELC,"$1,878.35",$0.08673,21.659 ELC,"-0,11%","0,11%","33,54%",,2013_06_23
1,BTC Bitcoin,BTC,"$1,096,957,926.58",$96.61,11.354.025  BTC,"-0,53  %","1,83  %","-9,91  %",,2013_06_30
2,LTC Litecoin,LTC,"$56,721,517.99",$2.9805,19.030.604  LTC,"0,08  %","7,03  %","-3,08  %",,2013_06_30
3,NMC Namecoin,NMC,"$2,995,222.23",$0.5014,5.973.400  NMC,"-1,65  %","-1,23  %","-11,33  %",,2013_06_30
4,PPC Peercoin,PPC,"$2,367,684.20",$0.1217,19.449.710  PPC,"0,28  %","2,64  %","-1,36  %",,2013_06_30
5,NVC Novacoin,NVC,"$931,437.38",$3.0926,301.181  NVC,"-0,51  %","0,75  %","-11,35  %",,2013_06_30
6,FTC Feathercoin,FTC,"$694,353.94",$0.07826,8.872.700  FTC,"0,73  %","1,97  %","-19,90  %",,2013_06_30
7,TRC Terracoin,TRC,"$395,910.40",$0.1304,3.035.450  TRC,"-0,27  %","3,75  %","-5,95  %",,2013_06_30
8,DVC Devcoin,DVC,"$350,826.66",$0.00007343,4.777.920.000  DVC,"-0,51  %","-1,52  %","-13,67  %",,2013_06_30
9,FRC Freicoin,FRC,"$274,804.66",$0.01256,21.879.664  FRC,"-0,51  %","-5,45  %","-0,12  %",,2013_06_30
10,DGC Digitalcoin,DGC,"$93,810.47",$0.02619,3.582.563  DGC,"-0,33  %","-1,69  %","-6,43  %",,2013_06_30
11,YAC Yacoin,YAC,"$92,500.45",$0.02338,3.956.292  YAC,"-3,18  %","3,58  %","7,18  %",,2013_06_30
12,BQC BBQCoin,BQC,"$76,284.42",$0.003836,19.888.648  BQC,"-1,26  %","-7,03  %","0,84  %",,2013_06_30
13,WDC WorldCoin,WDC,"$55,160.81",$0.007942,6.945.743  WDC,"-0,51  %","0,81  %","-19,16  %",,2013_06_30
14,IXC Ixcoin,IXC,"$51,205.23",$0.003671,13.947.314  IXC,"-0,51  %","4,88  %","-24,12  %",,2013_06_30
15,CNC CHNCoin,CNC,"$45,596.16",$0.008695,5.243.794  CNC,"-10,46  %","0,25  %","-64,17  %",,2013_06_30
16,MNC Mincoin,MNC,"$42,677.67",$0.0372,1.147.361  MNC,"-0,51  %","14,29  %","73,38  %",,2013_06_30
17,BTB BitBar,BTB,"$23,567.27",$5.9128,3986  BTB,"-0,51  %","3,88  %","-9,61  %",,2013_06_30
18,LKY Luckycoin,LKY,"$12,095.08",$0.002618,4.619.548  LKY,"-0,51  %","2,12  %","-6,13  %",,2013_06_30
19,MEM Memecoin,MEM,"$10,668.84",$0.0007604,14.031.450  MEM,"-0,56  %","-3,09  %","-29,92  %",,2013_06_30
20,GLC GoldCoin,GLC,"$6,496.10",$0.0003879,16.745.950  GLC,"-1,39  %","-19,95  %","-66,95  %",,2013_06_30
21,BTE Bytecoin,BTE,"$6,390.56",$0.00695,919.450 BTE,"-0,52%","1,28%","-42,22%",,2013_06_30
22,FRK Franko,FRK,"$2,891.64",$0.09715,29.766 FRK,"-0,51%","-18,73%","-41,56%",,2013_06_30
23,NBL Nibble,NBL,"$2,709.81",$0.003584,756.004 NBL,"-0,89%","-0,68%","-14,91%",,2013_06_30
24,AMC AmericanCoin,AMC,"$2,106.27",$0.001933,1.089.500 AMC,"-0,51%","0,86%","-16,72%",,2013_06_30
25,ELC Elacoin,ELC,"$1,750.54",$0.08024,21.816 ELC,"-0,51%","1,84%","-7,09%",,2013_06_30
26,JKC Junkcoin,JKC,$105.71,$0.00001912,5.527.550 JKC,"3,95%","-25,14%","-94,94%",,2013_06_30
1,BTC Bitcoin,BTC,"$848,838,935.56",$74.56,11.384.475  BTC,"1,27  %","7,20  %","-23,21  %",,2013_07_07
2,LTC Litecoin,LTC,"$51,099,940.90",$2.6566,19.235.004  LTC,"1,16  %","6,87  %","-11,42  %",,2013_07_07
3,NMC Namecoin,NMC,"$2,598,102.11",$0.4369,5.946.293  NMC,"-0,42  %","-3,99  %","-13,82  %",,2013_07_07
4,PPC Peercoin,PPC,"$2,582,887.38",$0.132,19.571.310  PPC,"0,99  %","-2,24  %","7,65  %",,2013_07_07
5,NVC Novacoin,NVC,"$867,500.25",$2.8378,305.695  NVC,"0,30  %","1,72  %","-8,67  %",,2013_07_07
6,FTC Feathercoin,FTC,"$711,870.60",$0.07531,9.452.950  FTC,"0,12  %","3,21  %","-2,24  %",,2013_07_07
7,TRC Terracoin,TRC,"$519,200.27",$0.167,3.108.670  TRC,"-0,65  %","-8,89  %","28,08  %",,2013_07_07
8,DVC Devcoin,DVC,"$276,948.24",$0.00005741,4.823.869.952  DVC,"1,30  %","5,72  %","-22,65  %",,2013_07_07
9,FRC Freicoin,FRC,"$223,994.42",$0.01007,22.244.892  FRC,"-3,68  %","24,75  %","-20,23  %",,2013_07_07
10,YAC Yacoin,YAC,"$108,880.76",$0.02572,4.232.722  YAC,"1,30  %","14,64  %","7,09  %",,2013_07_07
11,DGC Digitalcoin,DGC,"$90,011.67",$0.02155,4.177.233  DGC,"7,08  %","17,77  %","-19,13  %",,2013_07_07
12,CNC CHNCoin,CNC,"$70,529.30",$0.01342,5.255.146  CNC,"-2,34  %","-9,87  %","61,55  %",,2013_07_07
13,BQC BBQCoin,BQC,"$65,506.03",$0.003229,20.289.954  BQC,"1,27  %","3,12  %","-17,46  %",,2013_07_07
14,WDC WorldCoin,WDC,"$56,083.13",$0.005711,9.819.541  WDC,"1,27  %","6,35  %","-28,45  %",,2013_07_07
15,IXC Ixcoin,IXC,"$46,861.08",$0.003335,14.050.802  IXC,"1,27  %","40,63  %","-9,50  %",,2013_07_07
16,MEC Megacoin,MEC,"$38,199.20",$0.00314,12.166.250  MEC,"2,60  %",--,--,,2013_07_07
17,MNC Mincoin,MNC,"$34,857.44",$0.02992,1.165.200  MNC,"1,30  %","25,61  %","-20,04  %",,2013_07_07
18,PXC Phoenixcoin,PXC,"$34,584.63",$0.01186,2.917.250  PXC,"0,12  %","10,99  %",--,,2013_07_07
19,BTG Bitgem,BTG,"$25,588.54",$1.4599,17.528  BTG,"1,28  %","30,68  %",--,,2013_07_07
20,BTB BitBar,BTB,"$15,340.53",$3.7281,4115  BTB,"1,27  %","-5,94  %","-36,58  %",,2013_07_07
21,LKY Luckycoin,LKY,"$12,434.92",$0.00239,5.203.584 LKY,"1,29%",--,"-9,03%",,2013_07_07
22,CRC CraftCoin,CRC,"$11,977.44",$0.1364,87.781 CRC,"-2,03%",--,--,,2013_07_07
23,FST Fastcoin,FST,"$11,082.55",$0.001215,9.118.848 FST,"3,70%","9,20%",--,,2013_07_07
24,GLC GoldCoin,GLC,"$8,222.86",$0.0004528,18.157.950 GLC,"3,89%","7,38%","14,83%",,2013_07_07
25,BTE Bytecoin,BTE,"$7,767.20",$0.008446,919.600 BTE,"1,27%","17,07%","18,70%",,2013_07_07
26,KGC Krugercoin,KGC,"$4,849.72",$0.001407,3.446.930 KGC,"1,27%",--,--,,2013_07_07
27,ALF AlphaCoin,ALF,"$4,719.67",$0.0007478,6.310.999 ALF,"3,97%",--,--,,2013_07_07
28,ARG Argentum,ARG,"$4,478.05",$0.01305,343.193 ARG,"1,27%","19,49%",--,,2013_07_07
29,MEM Memecoin,MEM,"$3,078.62",$0.0001942,15.851.850 MEM,"4,03%",--,"-74,84%",,2013_07_07
30,CAP Bottlecaps,CAP,"$3,017.36",$0.01491,202.331 CAP,"1,28%",--,--,,2013_07_07
31,SBC StableCoin,SBC,"$2,291.85",$0.0008202,2.794.355 SBC,"-3,13%",--,--,,2013_07_07
32,HYC Hypercoin,HYC,"$1,715.29",$0.003355,511.225 HYC,"1,27%","172,21%",--,,2013_07_07
33,ELC Elacoin,ELC,"$1,487.58",$0.06703,22.193 ELC,"1,27%","10,54%","-17,04%",,2013_07_07
34,NBL Nibble,NBL,"$1,360.21",$0.00179,759.804 NBL,"1,27%",--,"-50,28%",,2013_07_07
35,FRK Franko,FRK,"$1,266.89",$0.0379,33.427 FRK,"1,27%","2,02%","-61,99%",,2013_07_07
36,NRB Noirbits,NRB,"$1,191.72",$0.002982,399.580 NRB,"1,27%","21,99%",--,,2013_07_07
37,AMC AmericanCoin,AMC,"$1,184.81",$0.001074,1.103.500 AMC,"1,27%","28,46%","-44,74%",,2013_07_07
38,DBL Doubloons,DBL,$883.97,$0.002948,299.904 DBL,"3,56%",--,--,,2013_07_07
39,EZC EZCoin,EZC,$592.16,$0.0001377,4.301.793 EZC,"3,58%",--,--,,2013_07_07
40,JKC Junkcoin,JKC,$255.21,$0.00004383,5.823.050 JKC,"3,56%","7,54%","130,24%",,2013_07_07
1,BTC Bitcoin,BTC,"$1,080,918,189.52",$94.69,11.415.175  BTC,"1,13  %","-2,54  %","26,85  %",,2013_07_14
2,LTC Litecoin,LTC,"$56,527,626.50",$2.9080,19.438.854  LTC,"-0,83  %","1,11  %","11,13  %",,2013_07_14
3,NMC Namecoin,NMC,"$3,241,516.48",$0.5397,6.005.693  NMC,"2,86  %","-1,36  %","24,06  %",,2013_07_14
4,PPC Peercoin,PPC,"$3,141,319.74",$0.16,19.629.768  PPC,"1,43  %","8,77  %","22,03  %",,2013_07_14
5,NVC Novacoin,NVC,"$1,230,893.18",$3.9780,309.426  NVC,"1,21  %","-3,64  %","41,53  %",,2013_07_14
6,FTC Feathercoin,FTC,"$825,730.01",$0.08238,10.023.250  FTC,"-0,30  %","-4,75  %","10,37  %",,2013_07_14
7,TRC Terracoin,TRC,"$497,606.33",$0.1562,3.184.870  TRC,"2,06  %","-3,91  %","-8,87  %",,2013_07_14
8,DVC Devcoin,DVC,"$341,246.54",$0.00007007,4.869.969.920  DVC,"1,23  %","-5,68  %","23,14  %",,2013_07_14
9,DGC Digitalcoin,DGC,"$268,640.90",$0.05628,4.773.045  DGC,"0,14  %","-4,72  %","167,06  %",,2013_07_14
10,FRC Freicoin,FRC,"$257,105.00",$0.01136,22.626.586  FRC,"3,81  %","-10,03  %","9,22  %",,2013_07_14
11,WDC WorldCoin,WDC,"$114,748.74",$0.01032,11.116.584  WDC,"1,23  %","-5,35  %","79,92  %",,2013_07_14
12,XPM Primecoin,XPM,"$112,816.35",$0.1562,722.068  XPM,"1,23  %","-54,05  %",--,,2013_07_14
13,YAC Yacoin,YAC,"$98,606.29",$0.02263,4.357.090  YAC,"1,23  %","-0,30  %","-9,47  %",,2013_07_14
14,BQC BBQCoin,BQC,"$92,091.19",$0.00445,20.692.356  BQC,"0,89  %","12,17  %","37,79  %",,2013_07_14
15,PXC Phoenixcoin,PXC,"$70,514.40",$0.02193,3.216.050  PXC,"-15,55  %","-25,62  %","84,88  %",,2013_07_14
16,MEC Megacoin,MEC,"$59,963.61",$0.004929,12.166.250  MEC,"0,12  %","-8,56  %","53,50  %",,2013_07_14
17,IXC Ixcoin,IXC,"$51,164.72",$0.003614,14.155.922  IXC,"1,13  %","-11,80  %","14,97  %",,2013_07_14
18,CNC CHNCoin,CNC,"$49,271.49",$0.009374,5.255.938  CNC,"1,23  %","23,62  %","-27,43  %",,2013_07_14
19,MNC Mincoin,MNC,"$26,893.62",$0.02274,1.182.798  MNC,"1,23  %","0,44  %","-26,00  %",,2013_07_14
20,LKY Luckycoin,LKY,"$21,326.13",$0.003882,5.493.104  LKY,"3,61  %","-3,72  %","45,39  %",,2013_07_14
21,FST Fastcoin,FST,"$20,242.07",$0.001888,10.720.608 FST,"-1,22%","21,34%","52,21%",,2013_07_14
22,BTE Bytecoin,BTE,"$17,723.99",$0.01926,920.100 BTE,"1,07%","6,74%","121,17%",,2013_07_14
23,ARG Argentum,ARG,"$17,298.31",$0.04735,365.362 ARG,"1,23%","15,13%","271,85%",,2013_07_14
24,IFC Infinitecoin,IFC,"$16,894.15",$0.00000032,52.336.263.168 IFC,"-4,25%","-7,27%",--,,2013_07_14
25,BTB BitBar,BTB,"$16,175.30",$3.7877,4271 BTB,"1,13%","-2,53%","1,45%",,2013_07_14
26,BTG Bitgem,BTG,"$12,158.87",$0.6865,17.711 BTG,"1,94%","-25,45%","-51,82%",,2013_07_14
27,CRC CraftCoin,CRC,"$10,254.50",$0.1101,93.112 CRC,"1,23%","-21,85%","-14,59%",,2013_07_14
28,GLC GoldCoin,GLC,"$8,492.58",$0.0004171,20.360.450 GLC,"-0,31%","-14,51%","-4,51%",,2013_07_14
29,MEM Memecoin,MEM,"$7,429.67",$0.0004156,17.876.750 MEM,"2,30%","5,36%","113,89%",,2013_07_14
30,KGC Krugercoin,KGC,"$7,146.42",$0.001516,4.714.354 KGC,"21,73%","65,47%","23,49%",,2013_07_14
31,FRK Franko,FRK,"$7,032.11",$0.1894,37.132 FRK,"-12,24%","30,55%","389,99%",,2013_07_14
32,ALF AlphaCoin,ALF,"$5,967.91",$0.0008243,7.240.300 ALF,"-12,89%","-16,86%","7,13%",,2013_07_14
33,NBL Nibble,NBL,"$5,395.37",$0.007026,767.904 NBL,"1,23%","14,68%","292,74%",,2013_07_14
34,CAP Bottlecaps,CAP,"$4,987.13",$0.01648,302.668 CAP,"1,23%","-4,20%","10,28%",,2013_07_14
35,SBC StableCoin,SBC,"$4,248.75",$0.001356,3.133.830 SBC,"0,95%","-18,07%","61,48%",,2013_07_14
36,HYC Hypercoin,HYC,"$3,390.92",$0.006628,511.575 HYC,"3,54%","44,69%","202,72%",,2013_07_14
37,ELC Elacoin,ELC,"$3,107.02",$0.1394,22.293 ELC,"1,23%","4,69%","107,25%",,2013_07_14
38,NRB Noirbits,NRB,"$2,136.92",$0.004498,475.100 NRB,"0,70%","-1,50%","49,27%",,2013_07_14
1,BTC Bitcoin,BTC,"$1,038,799,169.95",$90.76,11.445.900  BTC,"0,48  %","0,81  %","-3,89  %",,2013_07_21
2,LTC Litecoin,LTC,"$57,116,054.34",$2.9160,19.586.904  LTC,"0,88  %","0,85  %","0,98  %",,2013_07_21
3,NMC Namecoin,NMC,"$2,962,845.61",$0.4883,6.067.993  NMC,"0,06  %","-2,71  %","-8,25  %",,2013_07_21
4,PPC Peercoin,PPC,"$2,753,787.82",$0.1398,19.702.806  PPC,"0,48  %","-6,31  %","-10,69  %",,2013_07_21
5,NVC Novacoin,NVC,"$1,204,790.03",$3.8517,312.791  NVC,"0,64  %","1,91  %","-2,97  %",,2013_07_21
6,XPM Primecoin,XPM,"$1,168,854.58",$1.0437,1.119.905  XPM,"0,17  %","16,19  %","569,85  %",,2013_07_21
7,FTC Feathercoin,FTC,"$882,015.91",$0.08077,10.919.550  FTC,"0,48  %","0,82  %","-2,72  %",,2013_07_21
8,TRC Terracoin,TRC,"$487,870.61",$0.1497,3.257.910  TRC,"0,54  %","-1,59  %","-6,02  %",,2013_07_21
9,DVC Devcoin,DVC,"$254,344.99",$0.00005173,4.916.620.288  DVC,"2,34  %","3,96  %","-25,99  %",,2013_07_21
10,FRC Freicoin,FRC,"$244,976.19",$0.01078,22.717.088  FRC,"0,54  %","-0,18  %","-6,58  %",,2013_07_21
11,DGC Digitalcoin,DGC,"$170,031.29",$0.03181,5.345.141  DGC,"-1,53  %","-11,50  %","-43,56  %",,2013_07_21
12,MEC Megacoin,MEC,"$161,426.39",$0.01232,13.101.500  MEC,"12,28  %","40,52  %","151,36  %",,2013_07_21
13,WDC WorldCoin,WDC,"$145,792.15",$0.0118,12.356.888  WDC,"1,52  %","12,70  %","18,42  %",,2013_07_21
14,PXC Phoenixcoin,PXC,"$126,115.75",$0.03694,3.414.150  PXC,"-4,76  %","-0,86  %","49,74  %",,2013_07_21
15,YAC Yacoin,YAC,"$81,633.98",$0.0177,4.612.695  YAC,"-1,93  %","5,66  %","-19,87  %",,2013_07_21
16,BQC BBQCoin,BQC,"$77,919.22",$0.003694,21.094.464  BQC,"0,54  %","0,08  %","-13,24  %",,2013_07_21
17,CNC CHNCoin,CNC,"$62,014.01",$0.0118,5.256.114  CNC,"0,54  %","0,81  %","26,21  %",,2013_07_21
18,FST Fastcoin,FST,"$55,913.27",$0.004533,12.333.824  FST,"-0,71  %","-6,79  %","142,37  %",,2013_07_21
19,IXC Ixcoin,IXC,"$55,740.50",$0.003904,14.276.402  IXC,"0,59  %","13,68  %","8,26  %",,2013_07_21
20,MNC Mincoin,MNC,"$46,706.59",$0.0389,1.200.783  MNC,"0,48  %","18,60  %","71,54  %",,2013_07_21
21,FRK Franko,FRK,"$44,951.35",$1.0709,41.974 FRK,"0,73%","-12,07%","456,66%",,2013_07_21
22,ARG Argentum,ARG,"$31,939.47",$0.08395,380.460 ARG,"3,43%","0,91%","76,73%",,2013_07_21
23,CAP Bottlecaps,CAP,"$24,485.37",$0.06073,403.154 CAP,"-7,48%","-14,57%","268,11%",,2013_07_21
24,LKY Luckycoin,LKY,"$24,405.64",$0.004356,5.602.312 LKY,"0,59%","2,84%","13,22%",,2013_07_21
25,IFC Infinitecoin,IFC,"$23,300.62",$0.0000004,57.553.715.200 IFC,"0,28%","-0,20%","7,85%",,2013_07_21
26,BTB BitBar,BTB,"$22,134.27",$4.9826,4442 BTB,"0,59%","0,81%","28,74%",,2013_07_21
27,ANC Anoncoin,ANC,"$20,857.49",$0.07034,296.537 ANC,"-0,06%","152,40%","150,24%",,2013_07_21
28,GLC GoldCoin,GLC,"$15,996.61",$0.000726,22.032.950 GLC,"0,68%","17,12%","82,26%",,2013_07_21
29,BTG Bitgem,BTG,"$14,601.53",$0.8168,17.876 BTG,"-1,06%","1,38%","14,53%",,2013_07_21
30,BTE Bytecoin,BTE,"$13,860.23",$0.01504,921.400 BTE,"-0,09%","4,91%","-15,39%",,2013_07_21
31,CRC CraftCoin,CRC,"$13,490.37",$0.1448,93.192 CRC,"0,59%","3,87%","31,85%",,2013_07_21
32,KGC Krugercoin,KGC,"$10,302.33",$0.001724,5.974.482 KGC,"-4,59%","14,00%","-16,66%",,2013_07_21
33,NRB Noirbits,NRB,"$8,880.02",$0.01602,554.480 NRB,"-5,65%","5,34%","255,46%",,2013_07_21
34,ALF AlphaCoin,ALF,"$8,875.94",$0.001075,8.253.050 ALF,"1,01%","11,11%","25,05%",,2013_07_21
35,SBC StableCoin,SBC,"$6,945.30",$0.001997,3.478.455 SBC,"43,08%","57,47%","46,82%",,2013_07_21
36,MEM Memecoin,MEM,"$6,858.28",$0.0003455,19.850.350 MEM,"0,25%","0,28%","-33,12%",,2013_07_21
37,NAN NanoToken,NAN,"$6,260.25",$0.009121,686.347 NAN,"0,51%","-3,46%",--,,2013_07_21
38,NBL Nibble,NBL,"$5,357.45",$0.006903,776.104 NBL,"0,65%","-2,31%","2,05%",,2013_07_21
39,EZC EZCoin,EZC,"$2,686.54",$0.0005398,4.976.660 EZC,"9,91%","1399,81%",--,,2013_07_21
40,HYC Hypercoin,HYC,"$2,414.44",$0.004719,511.600 HYC,"-16,39%","-25,69%","-28,04%",,2013_07_21
41,ELC Elacoin,ELC,"$2,395.77",$0.1067,22.456 ELC,"0,59%","-15,67%","-28,70%",,2013_07_21
42,DBL Doubloons,DBL,"$1,044.11",$0.002575,405.503 DBL,"0,35%","-9,79%","4,42%",,2013_07_21
1,BTC Bitcoin,BTC,"$1,144,602,625.00",$99.76,11.474.025  BTC,"-0,07  %","5,77  %","10,61  %",,2013_07_28
2,LTC Litecoin,LTC,"$59,091,798.36",$2.9778,19.844.180  LTC,"-0,30  %","3,33  %","3,06  %",,2013_07_28
3,NMC Namecoin,NMC,"$3,755,531.57",$0.6135,6.121.493  NMC,"-0,04  %","1,83  %","25,53  %",,2013_07_28
4,PPC Peercoin,PPC,"$2,721,121.82",$0.1377,19.766.366  PPC,"-0,04  %","3,17  %","-1,64  %",,2013_07_28
5,NVC Novacoin,NVC,"$1,976,019.96",$6.0103,328.773  NVC,"0,70  %","-0,96  %","58,21  %",,2013_07_28
6,FTC Feathercoin,FTC,"$1,013,854.40",$0.08781,11.546.500  FTC,"-0,04  %","1,98  %","9,25  %",,2013_07_28
7,XPM Primecoin,XPM,"$904,374.13",$0.7232,1.250.464  XPM,"-0,04  %","-1,23  %","-27,15  %",,2013_07_28
8,TRC Terracoin,TRC,"$461,230.76",$0.1317,3.500.890  TRC,"-0,04  %","-1,62  %","-11,41  %",,2013_07_28
9,DVC Devcoin,DVC,"$267,289.84",$0.00005387,4.961.920.000  DVC,"-0,04  %","-3,67  %","5,61  %",,2013_07_28
10,FRC Freicoin,FRC,"$208,635.46",$0.009078,22.983.058  FRC,"-0,04  %","-1,72  %","-15,28  %",,2013_07_28
11,DGC Digitalcoin,DGC,"$177,525.47",$0.02993,5.931.793  DGC,"-0,59  %","8,46  %","-12,44  %",,2013_07_28
12,MEC Megacoin,MEC,"$153,304.26",$0.009974,15.371.000  MEC,"1,21  %","-23,18  %","-27,68  %",,2013_07_28
13,WDC WorldCoin,WDC,"$108,739.11",$0.007982,13.622.232  WDC,"-2,98  %","-8,95  %","-30,97  %",,2013_07_28
14,PXC Phoenixcoin,PXC,"$94,141.07",$0.02715,3.467.750  PXC,"-4,21  %","2,24  %","-30,85  %",,2013_07_28
15,YAC Yacoin,YAC,"$84,116.05",$0.01726,4.874.093  YAC,"-3,93  %","15,06  %","-1,43  %",,2013_07_28
16,FST Fastcoin,FST,"$72,306.80",$0.005187,13.939.168  FST,"-3,40  %","-30,28  %","13,36  %",,2013_07_28
17,BQC BBQCoin,BQC,"$64,771.61",$0.003013,21.500.016  BQC,"-0,04  %","-2,91  %","-18,33  %",,2013_07_28
18,IXC Ixcoin,IXC,"$56,788.95",$0.003946,14.390.258  IXC,"-0,07  %","8,23  %","0,82  %",,2013_07_28
19,IFC Infinitecoin,IFC,"$48,077.50",$0.00000077,62.102.962.176  IFC,"5,44  %","52,45  %","90,21  %",,2013_07_28
20,FRK Franko,FRK,"$46,265.64",$1.0474,44.170  FRK,"16,62  %","-10,28  %","-5,63  %",,2013_07_28
21,CNC CHNCoin,CNC,"$30,935.40",$0.005886,5.256.114 CNC,"-0,04%","6,51%","-49,66%",,2013_07_28
22,MNC Mincoin,MNC,"$30,404.50",$0.02494,1.219.057 MNC,"-0,04%","-9,93%","-31,63%",,2013_07_28
23,ANC Anoncoin,ANC,"$28,931.47",$0.08866,326.308 ANC,"-0,04%","-6,89%","37,18%",,2013_07_28
24,LKY Luckycoin,LKY,"$26,812.18",$0.004669,5.743.112 LKY,"-2,56%","5,17%","7,32%",,2013_07_28
25,GLC GoldCoin,GLC,"$22,716.15",$0.000961,23.637.450 GLC,"0,26%","8,93%","48,66%",,2013_07_28
26,CAP Bottlecaps,CAP,"$22,549.89",$0.0451,500.001 CAP,"-0,04%","1,10%","-33,07%",,2013_07_28
27,BTB BitBar,BTB,"$18,330.50",$3.9902,4594 BTB,"-0,04%","5,78%","-19,40%",,2013_07_28
28,BTE Bytecoin,BTE,"$17,952.63",$0.01945,922.900 BTE,"-0,04%","-28,01%",--,,2013_07_28
29,ARG Argentum,ARG,"$17,087.61",$0.04389,389.296 ARG,"-0,04%","-6,92%","-46,83%",,2013_07_28
30,KGC Krugercoin,KGC,"$15,659.00",$0.002176,7.197.298 KGC,"-0,04%","-5,92%","19,10%",,2013_07_28
31,BTG Bitgem,BTG,"$14,591.25",$0.7981,18.283 BTG,"-0,04%","-13,51%","-5,54%",,2013_07_28
32,ALF AlphaCoin,ALF,"$14,508.08",$0.001631,8.895.150 ALF,"-0,04%","-5,65%","43,20%",,2013_07_28
33,CRC CraftCoin,CRC,"$11,550.82",$0.1239,93.212 CRC,"-0,04%","-11,26%","-12,01%",,2013_07_28
34,XNC XenCoin,XNC,"$8,026.24",$0.00005355,149.882.048 XNC,"-0,02%","-3,47%",--,,2013_07_28
35,SBC StableCoin,SBC,"$5,646.95",$0.001497,3.771.330 SBC,"-0,20%","0,83%","-10,71%",,2013_07_28
36,CSC CasinoCoin,CSC,"$5,638.86",$0.004191,1.345.550 CSC,"-15,81%","-25,77%",--,,2013_07_28
37,MEM Memecoin,MEM,"$5,185.58",$0.0002403,21.583.550 MEM,"-0,94%","-0,88%","-30,29%",,2013_07_28
38,NRB Noirbits,NRB,"$5,092.69",$0.008761,581.320 NRB,"-3,28%","24,08%","-44,19%",,2013_07_28
39,ELC Elacoin,ELC,"$4,486.88",$0.1995,22.490 ELC,"-0,04%","62,72%","92,91%",,2013_07_28
40,NBL Nibble,NBL,"$2,853.78",$0.003043,937.954 NBL,"0,02%","-49,46%","-54,76%",,2013_07_28
41,HYC Hypercoin,HYC,"$2,815.57",$0.005498,512.150 HYC,"-0,04%","-21,49%","11,51%",,2013_07_28
42,DBL Doubloons,DBL,"$2,718.40",$0.00614,442.745 DBL,"27,64%","7,19%","110,53%",,2013_07_28
43,NAN NanoToken,NAN,"$2,688.21",$0.003881,692.747 NAN,"-0,04%","-46,53%","-56,77%",,2013_07_28
44,SPT Spots,SPT,"$2,089.43",$0.009975,209.475 SPT,"34,75%","162,16%",--,,2013_07_28
45,JKC Junkcoin,JKC,"$1,764.04",$0.0002671,6.605.450 JKC,"-22,46%","0,89%",--,,2013_07_28
46,EZC EZCoin,EZC,"$1,445.40",$0.0002643,5.469.171 EZC,"-0,02%","8,56%","550,21%",,2013_07_28
47,LBW Lebowskis,LBW,$910.99,$0.004389,207.550 LBW,"-20,12%",--,--,,2013_07_28
1,BTC Bitcoin,BTC,"$1,209,792,869.08",$105.14,11.506.100  BTC,"-0,05  %","0,57  %","6,11  %",,2013_08_04
2,LTC Litecoin,LTC,"$60,288,260.68",$3.0092,20.034.580  LTC,"0,31  %","0,68  %","0,96  %",,2013_08_04
3,XRP XRP,XRP,"$45,983,543.33",$0.005882,7.817.889.792  XRP,"-0,05  %",--,--,,2013_08_04
4,NMC Namecoin,NMC,"$3,844,310.07",$0.6214,6.186.543  NMC,"0,00  %","-0,27  %","3,32  %",,2013_08_04
5,PPC Peercoin,PPC,"$3,194,186.00",$0.1609,19.855.732  PPC,"0,00  %","-2,16  %","17,64  %",,2013_08_04
6,FTC Feathercoin,FTC,"$2,066,053.89",$0.1661,12.436.600  FTC,"-4,87  %","-14,74  %","90,42  %",,2013_08_04
7,NVC Novacoin,NVC,"$1,855,987.14",$5.4570,340.114  NVC,"-0,38  %","-0,37  %","-8,16  %",,2013_08_04
8,XPM Primecoin,XPM,"$889,983.29",$0.6487,1.371.864  XPM,"-0,08  %","1,21  %","-9,84  %",,2013_08_04
9,TRC Terracoin,TRC,"$596,396.30",$0.1693,3.523.110  TRC,"-3,11  %","-3,88  %","29,23  %",,2013_08_04
10,DVC Devcoin,DVC,"$321,340.28",$0.00006414,5.010.169.856  DVC,"0,00  %","0,58  %","14,38  %",,2013_08_04
11,DGC Digitalcoin,DGC,"$227,201.16",$0.03529,6.438.044  DGC,"-0,15  %","2,47  %","19,89  %",,2013_08_04
12,FRC Freicoin,FRC,"$158,973.60",$0.006834,23.261.020  FRC,"-0,05  %","-8,18  %","-24,20  %",,2013_08_04
13,WDC WorldCoin,WDC,"$123,167.02",$0.008433,14.606.197  WDC,"-0,08  %","-0,38  %","0,24  %",,2013_08_04
14,MEC Megacoin,MEC,"$116,160.07",$0.007361,15.780.250  MEC,"2,97  %","-2,49  %","-17,98  %",,2013_08_04
15,YAC Yacoin,YAC,"$106,721.68",$0.02061,5.178.616  YAC,"0,35  %","15,28  %","22,82  %",,2013_08_04
16,MNC Mincoin,MNC,"$90,902.20",$0.0736,1.235.075  MNC,"-19,85  %","95,55  %","188,13  %",,2013_08_04
17,PXC Phoenixcoin,PXC,"$80,723.76",$0.02325,3.472.400  PXC,"-0,13  %","2,76  %","-13,09  %",,2013_08_04
18,FST Fastcoin,FST,"$63,341.24",$0.004075,15.542.464  FST,"-0,71  %","-7,71  %","-21,59  %",,2013_08_04
19,BQC BBQCoin,BQC,"$63,307.39",$0.002891,21.894.690  BQC,"-0,08  %","5,94  %","-10,70  %",,2013_08_04
20,CBX Bullion,CBX,"$61,609.39",$0.1122,549.336  CBX,"6,59  %",--,--,,2013_08_04
21,IXC Ixcoin,IXC,"$55,861.82",$0.003839,14.551.922 IXC,"-0,05%","-18,40%","-2,08%",,2013_08_04
22,IFC Infinitecoin,IFC,"$54,746.55",$0.00000081,67.991.240.704 IFC,"-3,37%","1,42%","7,25%",,2013_08_04
23,GLC GoldCoin,GLC,"$54,629.97",$0.002147,25.442.420 GLC,"1,75%","17,20%","71,12%",,2013_08_04
24,CNC CHNCoin,CNC,"$50,290.86",$0.009568,5.256.114 CNC,"-0,05%","-2,63%","63,68%",,2013_08_04
25,ANC Anoncoin,ANC,"$31,144.55",$0.09463,329.122 ANC,"-0,08%","12,00%","6,66%",,2013_08_04
26,LKY Luckycoin,LKY,"$29,749.91",$0.005099,5.833.928 LKY,"-0,08%","10,65%","6,47%",,2013_08_04
27,FRK Franko,FRK,"$27,876.58",$0.6203,44.937 FRK,"-0,08%","20,17%","-37,53%",,2013_08_04
28,CAP Bottlecaps,CAP,"$17,060.19",$0.02839,600.949 CAP,"-6,58%","5,23%","-35,63%",,2013_08_04
29,ARG Argentum,ARG,"$16,856.82",$0.04312,390.924 ARG,"0,69%","-5,35%","-2,48%",,2013_08_04
30,BTE Bytecoin,BTE,"$16,541.88",$0.01787,925.450 BTE,"-0,08%","-9,99%","-13,80%",,2013_08_04
31,BTB BitBar,BTB,"$16,074.56",$3.3646,4778 BTB,"-0,08%","3,82%","-15,10%",,2013_08_04
32,CSC CasinoCoin,CSC,"$14,231.13",$0.007259,1.960.450 CSC,"-17,17%","-26,14%","70,50%",,2013_08_04
33,BTG Bitgem,BTG,"$13,796.80",$0.7465,18.481 BTG,"-0,08%","40,01%","-8,82%",,2013_08_04
34,CRC CraftCoin,CRC,"$12,671.94",$0.1358,93.282 CRC,"-0,08%","1,52%","9,95%",,2013_08_04
35,KGC Krugercoin,KGC,"$11,865.00",$0.001416,8.377.554 KGC,"-0,08%","-11,90%","-39,28%",,2013_08_04
36,ALF AlphaCoin,ALF,"$11,007.47",$0.001189,9.256.400 ALF,"2,09%","-8,97%","-38,88%",,2013_08_04
37,EMD Emerald Crypto,EMD,"$7,547.09",$0.005504,1.371.135 EMD,"0,02%",--,--,,2013_08_04
38,GLC GlobalCoin,GLC,"$6,699.43",$0.0004816,13.912.000 GLC,"3,07%",--,--,,2013_08_04
39,MEM Memecoin,MEM,"$5,845.20",$0.0002456,23.801.050 MEM,"-0,15%","-0,34%","1,63%",,2013_08_04
40,SBC StableCoin,SBC,"$5,538.51",$0.001398,3.960.580 SBC,"-0,08%","2,18%","-6,04%",,2013_08_04
41,XNC XenCoin,XNC,"$4,593.15",$0.00002952,155.573.456 XNC,"-15,08%","-18,99%","-51,17%",,2013_08_04
42,NRB Noirbits,NRB,"$4,436.24",$0.007482,592.920 NRB,"-0,08%","0,42%","-15,32%",,2013_08_04
43,NBL Nibble,NBL,"$4,053.02",$0.004312,939.954 NBL,"-0,08%","-17,51%","33,75%",,2013_08_04
44,SPT Spots,SPT,"$2,739.77",$0.008837,310.023 SPT,"4,98%","9,55%","54,12%",,2013_08_04
45,ELC Elacoin,ELC,"$2,653.33",$0.1178,22.532 ELC,"-0,08%","0,58%","-40,57%",,2013_08_04
46,DBL Doubloons,DBL,"$2,585.58",$0.005126,504.358 DBL,"-0,15%","-16,89%","-36,27%",,2013_08_04
47,LBW Lebowskis,LBW,"$2,581.40",$0.006309,409.186 LBW,"0,76%","10,11%","-2,71%",,2013_08_04
48,HYC Hypercoin,HYC,"$2,491.61",$0.004865,512.150 HYC,"-0,08%","0,77%","-12,37%",,2013_08_04
49,JKC Junkcoin,JKC,"$1,862.38",$0.0002818,6.608.400 JKC,"-0,15%","3,26%","16,72%",,2013_08_04
50,EZC EZCoin,EZC,"$1,580.38",$0.000263,6.008.321 EZC,"-0,15%","-2,56%","-10,00%",,2013_08_04
1,BTC Bitcoin,BTC,"$1,211,789,250.00",$105.00,11.540.850  BTC,"0,11  %","1,85  %","-0,51  %",,2013_08_11
2,LTC Litecoin,LTC,"$54,533,789.26",$2.6943,20.240.430  LTC,"0,17  %","5,04  %","-9,95  %",,2013_08_11
3,XRP XRP,XRP,"$34,518,516.10",$0.004415,7.817.889.792  XRP,"0,12  %","2,23  %","-25,21  %",,2013_08_11
4,NMC Namecoin,NMC,"$4,222,475.34",$0.673,6.273.643  NMC,"-0,57  %","3,39  %","9,03  %",,2013_08_11
5,PPC Peercoin,PPC,"$3,159,445.71",$0.1585,19.927.126  PPC,"0,26  %","1,61  %","-0,81  %",,2013_08_11
6,FTC Feathercoin,FTC,"$2,001,729.80",$0.1523,13.147.650  FTC,"0,15  %","1,64  %","-6,72  %",,2013_08_11
7,NVC Novacoin,NVC,"$1,799,905.11",$5.1460,349.764  NVC,"0,36  %","0,45  %","-6,06  %",,2013_08_11
8,XPM Primecoin,XPM,"$1,351,773.92",$0.8832,1.530.619  XPM,"0,08  %","3,92  %","34,40  %",,2013_08_11
9,TRC Terracoin,TRC,"$655,735.09",$0.1806,3.630.870  TRC,"-1,02  %","-0,07  %","5,10  %",,2013_08_11
10,DVC Devcoin,DVC,"$286,724.52",$0.0000567,5.056.869.888  DVC,"-0,77  %","1,46  %","-11,08  %",,2013_08_11
11,DGC Digitalcoin,DGC,"$212,140.22",$0.03099,6.846.204  DGC,"0,19  %","-0,08  %","-14,02  %",,2013_08_11
12,FRC Freicoin,FRC,"$158,239.86",$0.006616,23.917.574  FRC,"0,15  %","-8,31  %","-3,51  %",,2013_08_11
13,WDC WorldCoin,WDC,"$126,981.80",$0.00819,15.504.492  WDC,"1,30  %","2,38  %","-3,83  %",,2013_08_11
14,YAC Yacoin,YAC,"$115,933.19",$0.021,5.520.628  YAC,"-5,49  %","-5,10  %","5,83  %",,2013_08_11
15,MEC Megacoin,MEC,"$93,483.78",$0.005924,15.780.250  MEC,"-3,40  %","10,79  %","-19,31  %",,2013_08_11
16,MNC Mincoin,MNC,"$87,569.47",$0.07005,1.250.067  MNC,"4,40  %","-19,41  %","-25,73  %",,2013_08_11
17,IXC Ixcoin,IXC,"$85,022.82",$0.005784,14.698.514  IXC,"1,39  %","3,85  %","49,01  %",,2013_08_11
18,IFC Infinitecoin,IFC,"$80,005.13",$0.00000113,70.605.864.960  IFC,"1,18  %","56,13  %","37,98  %",,2013_08_11
19,CBX Bullion,CBX,"$75,822.86",$0.1281,591.904  CBX,"5,32  %","-2,37  %","24,80  %",,2013_08_11
20,PXC Phoenixcoin,PXC,"$71,820.28",$0.02068,3.472.800  PXC,"12,74  %","20,27  %","-11,97  %",,2013_08_11
21,GLC GoldCoin,GLC,"$52,649.41",$0.002052,25.661.660 GLC,"-9,18%","-5,56%","1,70%",,2013_08_11
22,BQC BBQCoin,BQC,"$47,034.52",$0.00211,22.285.962 BQC,"-22,58%","-18,07%","-27,97%",,2013_08_11
23,FST Fastcoin,FST,"$40,527.43",$0.002364,17.146.848 FST,"1,49%","3,23%","-42,99%",,2013_08_11
24,CNC CHNCoin,CNC,"$37,533.05",$0.00714,5.256.730 CNC,"0,15%","1,87%","-25,76%",,2013_08_11
25,LKY Luckycoin,LKY,"$26,555.26",$0.004479,5.928.440 LKY,"0,46%","8,53%","-10,85%",,2013_08_11
26,FRK Franko,FRK,"$21,158.80",$0.4672,45.285 FRK,"0,18%","12,94%","-20,78%",,2013_08_11
27,BTE Bytecoin,BTE,"$17,335.75",$0.01869,927.750 BTE,"0,18%","9,19%","4,66%",,2013_08_11
28,BTB BitBar,BTB,"$15,576.62",$3.1500,4945 BTB,"0,15%","1,90%","-6,72%",,2013_08_11
29,ANC Anoncoin,ANC,"$14,967.80",$0.0399,375.133 ANC,"0,18%","0,78%","-57,99%",,2013_08_11
30,CAP Bottlecaps,CAP,"$14,702.60",$0.021,700.194 CAP,"4,88%","11,24%","-25,97%",,2013_08_11
31,ARG Argentum,ARG,"$12,398.36",$0.03161,392.278 ARG,"0,18%","-12,65%","-27,12%",,2013_08_11
32,CRC CraftCoin,CRC,"$11,206.26",$0.1201,93.302 CRC,"-4,50%","16,62%","-11,92%",,2013_08_11
33,BTG Bitgem,BTG,"$10,887.59",$0.5891,18.481 BTG,"0,18%","-8,36%","-19,01%",,2013_08_11
34,ALF AlphaCoin,ALF,"$10,672.25",$0.00105,10.164.050 ALF,"3,73%","21,94%","-6,84%",,2013_08_11
35,KGC Krugercoin,KGC,"$9,407.60",$0.001001,9.401.490 KGC,"0,18%","-5,96%","-28,18%",,2013_08_11
36,LBW Lebowskis,LBW,"$9,326.64",$0.01526,611.238 LBW,"0,18%","49,52%","236,51%",,2013_08_11
37,CSC CasinoCoin,CSC,"$7,667.76",$0.003744,2.047.850 CSC,"8,26%","2,87%","-50,39%",,2013_08_11
38,EMD Emerald Crypto,EMD,"$6,647.35",$0.00442,1.503.755 EMD,"-1,04%","17,47%","-22,08%",,2013_08_11
39,SPT Spots,SPT,"$6,637.76",$0.01356,489.559 SPT,"0,18%","-34,08%","48,77%",,2013_08_11
40,MEM Memecoin,MEM,"$6,189.61",$0.0002411,25.673.450 MEM,"9,77%","14,86%","-2,12%",,2013_08_11
41,XNC XenCoin,XNC,"$5,307.16",$0.00003327,159.515.856 XNC,"0,75%","10,96%","-7,08%",,2013_08_11
42,GLC GlobalCoin,GLC,"$5,292.93",$0.0003696,14.320.700 GLC,"0,18%","5,80%","-43,19%",,2013_08_11
43,SBC StableCoin,SBC,"$4,134.11",$0.0009775,4.229.055 SBC,"0,18%","-10,86%","-31,99%",,2013_08_11
44,NBL Nibble,NBL,"$3,958.04",$0.004201,942.154 NBL,"0,18%","-15,94%","-3,11%",,2013_08_11
45,DBL Doubloons,DBL,"$2,749.47",$0.005087,540.490 DBL,"4,19%","10,37%","0,68%",,2013_08_11
46,HYC Hypercoin,HYC,"$2,503.12",$0.004887,512.150 HYC,"-3,77%","-8,72%","1,32%",,2013_08_11
47,ELC Elacoin,ELC,"$1,895.17",$0.0841,22.533 ELC,"0,18%","-7,37%","-28,84%",,2013_08_11
48,EZC EZCoin,EZC,"$1,559.03",$0.0002411,6.466.571 EZC,"1,77%","15,76%","-8,48%",,2013_08_11
49,JKC Junkcoin,JKC,"$1,446.99",$0.0002185,6.621.350 JKC,"-0,53%",--,"-26,29%",,2013_08_11
1,BTC Bitcoin,BTC,"$1,313,544,012.50",$113.50,11.573.075  BTC,"-0,16  %","0,54  %","8,50  %",,2013_08_18
2,LTC Litecoin,LTC,"$57,197,936.54",$2.7978,20.444.080  LTC,"-0,30  %","-0,34  %","4,84  %",,2013_08_18
3,XRP XRP,XRP,"$43,916,495.73",$0.005617,7.817.889.792  XRP,"-2,00  %","-0,88  %","27,81  %",,2013_08_18
4,NMC Namecoin,NMC,"$4,320,531.60",$0.681,6.344.393  NMC,"-0,33  %","0,39  %","1,47  %",,2013_08_18
5,PPC Peercoin,PPC,"$3,363,135.65",$0.168,20.021.048  PPC,"0,52  %","-0,41  %","7,53  %",,2013_08_18
6,FTC Feathercoin,FTC,"$2,041,295.25",$0.1475,13.834.600  FTC,"-0,42  %","0,60  %","-3,10  %",,2013_08_18
7,NVC Novacoin,NVC,"$1,890,229.07",$5.2664,358.922  NVC,"-0,22  %","-0,43  %","2,99  %",,2013_08_18
8,XPM Primecoin,XPM,"$1,362,819.31",$0.8285,1.644.834  XPM,"3,97  %","-6,99  %","-5,98  %",,2013_08_18
9,TRC Terracoin,TRC,"$710,540.21",$0.1952,3.639.690  TRC,"-0,16  %","0,21  %","7,89  %",,2013_08_18
10,IFC Infinitecoin,IFC,"$385,870.29",$0.00000528,73.139.093.504  IFC,"-1,24  %","35,19  %","350,94  %",,2013_08_18
11,GLC GoldCoin,GLC,"$327,067.37",$0.01264,25.879.596  GLC,"15,93  %","89,61  %","469,23  %",,2013_08_18
12,DVC Devcoin,DVC,"$289,562.33",$0.00005675,5.102.419.968  DVC,"-0,20  %","0,54  %","-0,29  %",,2013_08_18
13,DGC Digitalcoin,DGC,"$251,720.82",$0.03499,7.194.824  DGC,"15,03  %","18,93  %","13,00  %",,2013_08_18
14,FRC Freicoin,FRC,"$197,891.11",$0.008093,24.453.494  FRC,"-0,16  %","16,94  %","16,29  %",,2013_08_18
15,WDC WorldCoin,WDC,"$132,499.67",$0.008058,16.442.226  WDC,"-0,16  %","-2,23  %","-2,51  %",,2013_08_18
16,YAC Yacoin,YAC,"$117,999.80",$0.02077,5.681.125  YAC,"-0,16  %","-4,14  %","-3,64  %",,2013_08_18
17,CBX Bullion,CBX,"$93,795.56",$0.1475,635.687  CBX,"-4,57  %","-14,21  %","22,79  %",,2013_08_18
18,IXC Ixcoin,IXC,"$93,476.22",$0.006305,14.825.906  IXC,"-0,16  %","9,36  %","10,26  %",,2013_08_18
19,MEC Megacoin,MEC,"$93,152.95",$0.005903,15.780.250  MEC,"0,40  %","3,29  %","-4,37  %",,2013_08_18
20,MNC Mincoin,MNC,"$93,107.61",$0.07378,1.262.009  MNC,"-0,16  %","-6,64  %","-4,39  %",,2013_08_18
21,PXC Phoenixcoin,PXC,"$63,024.51",$0.01815,3.472.900 PXC,"1,55%","1,73%","-3,88%",,2013_08_18
22,BQC BBQCoin,BQC,"$62,869.00",$0.002781,22.608.648 BQC,"17,98%","17,30%","6,32%",,2013_08_18
23,FST Fastcoin,FST,"$41,369.38",$0.002206,18.749.380 FST,"10,28%","-3,44%","-10,48%",,2013_08_18
24,FRK Franko,FRK,"$37,025.53",$0.7945,46.602 FRK,"62,11%","63,24%","75,50%",,2013_08_18
25,CNC CHNCoin,CNC,"$35,798.33",$0.00681,5.256.730 CNC,"-0,16%","0,54%","-4,33%",,2013_08_18
26,LKY Luckycoin,LKY,"$28,728.32",$0.004768,6.025.064 LKY,"-0,14%","5,56%","8,11%",,2013_08_18
27,ANC Anoncoin,ANC,"$26,284.27",$0.06356,413.535 ANC,"-0,16%","-2,94%","59,90%",,2013_08_18
28,XNC XenCoin,XNC,"$17,082.23",$0.0001038,164.508.256 XNC,"4,86%","23,68%","206,16%",,2013_08_18
29,BTE Bytecoin,BTE,"$16,368.06",$0.01759,930.400 BTE,"-0,16%","0,70%","-0,93%",,2013_08_18
30,ARG Argentum,ARG,"$13,752.44",$0.03518,390.924 ARG,"9,64%","20,75%","4,91%",,2013_08_18
31,BTB BitBar,BTB,"$12,337.97",$2.4073,5125 BTB,"-0,16%","5,51%","-21,62%",,2013_08_18
32,GLC GlobalCoin,GLC,"$9,588.58",$0.0006685,14.343.100 GLC,"-0,20%","30,13%","62,48%",,2013_08_18
33,ALF AlphaCoin,ALF,"$9,471.43",$0.000849,11.156.250 ALF,"-0,16%","1,62%","-13,53%",,2013_08_18
34,KGC Krugercoin,KGC,"$9,061.50",$0.0009023,10.042.386 KGC,"-0,03%","-13,25%","-9,98%",,2013_08_18
35,MEM Memecoin,MEM,"$8,625.30",$0.0003124,27.611.750 MEM,"-0,27%","4,62%","40,79%",,2013_08_18
36,CSC CasinoCoin,CSC,"$6,652.47",$0.002986,2.227.750 CSC,"-1,84%","-17,35%","-20,99%",,2013_08_18
37,NAN NanoToken,NAN,"$5,757.75",$0.007776,740.462 NAN,"-12,87%","0,51%",--,,2013_08_18
38,NBL Nibble,NBL,"$5,737.49",$0.006017,953.604 NBL,"-0,16%","-6,53%","35,10%",,2013_08_18
39,EZC EZCoin,EZC,"$5,603.18",$0.000813,6.892.321 EZC,"-0,27%","50,84%","247,18%",,2013_08_18
40,CRC CraftCoin,CRC,"$5,109.25",$0.05108,100.032 CRC,"-0,16%","-30,18%","-56,66%",,2013_08_18
41,SPT Spots,SPT,"$4,657.06",$0.007094,656.502 SPT,"-0,16%","-15,09%","-49,89%",,2013_08_18
42,SBC StableCoin,SBC,"$4,575.74",$0.001022,4.479.430 SBC,"-0,16%","-1,75%","5,00%",,2013_08_18
43,EMD Emerald Crypto,EMD,"$4,193.77",$0.002569,1.632.765 EMD,"-0,16%","-15,49%","-46,17%",,2013_08_18
44,HYC Hypercoin,HYC,"$3,836.52",$0.007491,512.150 HYC,"-0,16%","21,09%",--,,2013_08_18
45,DBL Doubloons,DBL,"$3,213.64",$0.005566,577.359 DBL,"-0,27%","-24,28%","12,81%",,2013_08_18
46,ELC Elacoin,ELC,"$1,427.12",$0.06322,22.575 ELC,"-0,16%","-53,34%","-25,88%",,2013_08_18
1,BTC Bitcoin,BTC,"$1,417,199,162.92",$122.11,11.605.825  BTC,"-0,13  %","1,67  %","6,85  %",,2013_08_25
2,LTC Litecoin,LTC,"$53,577,769.50",$2.5936,20.657.380  LTC,"-0,38  %","-3,29  %","-7,70  %",,2013_08_25
3,XRP XRP,XRP,"$47,719,524.89",$0.006104,7.817.889.792  XRP,"-0,13  %","9,90  %","5,69  %",,2013_08_25
4,NMC Namecoin,NMC,"$3,939,439.05",$0.6142,6.413.743  NMC,"-0,63  %","-0,78  %","-9,96  %",,2013_08_25
5,PPC Peercoin,PPC,"$3,531,624.24",$0.1758,20.084.320  PPC,"3,25  %","4,28  %","4,02  %",,2013_08_25
6,FTC Feathercoin,FTC,"$1,885,131.96",$0.1307,14.427.900  FTC,"0,41  %","-0,46  %","-11,61  %",,2013_08_25
7,NVC Novacoin,NVC,"$1,711,800.36",$4.6378,369.099  NVC,"1,15  %","-1,78  %","-12,58  %",,2013_08_25
8,XPM Primecoin,XPM,"$1,298,228.08",$0.7378,1.759.606  XPM,"-0,29  %","-5,39  %","-10,34  %",,2013_08_25
9,TRC Terracoin,TRC,"$628,218.78",$0.1722,3.648.690  TRC,"-0,13  %","-1,82  %","-11,66  %",,2013_08_25
10,IFC Infinitecoin,IFC,"$435,199.15",$0.00000581,74.946.838.528  IFC,"4,64  %","-2,58  %","9,98  %",,2013_08_25
11,DVC Devcoin,DVC,"$308,306.94",$0.00005983,5.152.670.208  DVC,"-0,13  %","1,67  %","6,50  %",,2013_08_25
12,DGC Digitalcoin,DGC,"$248,936.60",$0.03297,7.550.124  DGC,"-0,90  %","-3,16  %","1,41  %",,2013_08_25
13,FRC Freicoin,FRC,"$211,349.14",$0.008471,24.948.742  FRC,"0,45  %","0,24  %","8,97  %",,2013_08_25
14,GLC GoldCoin,GLC,"$170,528.98",$0.006534,26.098.070  GLC,"-6,67  %","-3,13  %","-44,68  %",,2013_08_25
15,WDC WorldCoin,WDC,"$114,698.19",$0.00659,17.404.008  WDC,"3,60  %","6,52  %","-18,98  %",,2013_08_25
16,CBX Bullion,CBX,"$104,095.81",$0.1526,681.969  CBX,"-0,18  %","12,59  %","-1,16  %",,2013_08_25
17,MEC Megacoin,MEC,"$96,327.85",$0.006104,15.780.250  MEC,"1,24  %","-13,79  %","3,06  %",,2013_08_25
18,YAC Yacoin,YAC,"$94,940.73",$0.01587,5.980.733  YAC,"-0,16  %","-2,55  %","-25,96  %",,2013_08_25
19,IXC Ixcoin,IXC,"$93,650.62",$0.006229,15.034.898  IXC,"-0,16  %","-1,45  %","2,26  %",,2013_08_25
20,ANC Anoncoin,ANC,"$73,233.32",$0.1716,426.852  ANC,"-0,16  %","79,02  %","210,02  %",,2013_08_25
21,PXC Phoenixcoin,PXC,"$67,128.49",$0.01933,3.472.950 PXC,"-0,16%","-3,94%","6,61%",,2013_08_25
22,QRK Quark,QRK,"$65,187.33",$0.0003834,170.011.648 QRK,"3,75%",--,--,,2013_08_25
23,FST Fastcoin,FST,"$56,190.49",$0.00276,20.361.020 FST,"-0,55%","14,04%","32,53%",,2013_08_25
24,MNC Mincoin,MNC,"$56,127.27",$0.04396,1.276.781 MNC,"-0,13%","1,67%","-41,36%",,2013_08_25
25,BQC BBQCoin,BQC,"$49,973.09",$0.002174,22.991.184 BQC,"-0,16%","-7,17%","-14,29%",,2013_08_25
26,CNC CHNCoin,CNC,"$40,121.06",$0.007632,5.256.994 CNC,"-2,75%","5,94%","11,55%",,2013_08_25
27,FRK Franko,FRK,"$30,658.91",$0.6112,50.165 FRK,"-0,16%","-3,96%","11,49%",,2013_08_25
28,LKY Luckycoin,LKY,"$27,932.83",$0.004458,6.265.392 LKY,"-0,16%","1,34%","-9,62%",,2013_08_25
29,EZC EZCoin,EZC,"$25,695.56",$0.003489,7.365.271 EZC,"0,56%","-1,96%","371,27%",,2013_08_25
30,MEM Memecoin,MEM,"$25,622.62",$0.0008663,29.576.750 MEM,"0,55%","2,36%","126,18%",,2013_08_25
31,XNC XenCoin,XNC,"$25,155.89",$0.0001475,170.536.048 XNC,"-4,01%","-2,84%","31,65%",,2013_08_25
32,DBL Doubloons,DBL,"$19,786.37",$0.03212,615.928 DBL,"8,65%","10,15%","270,50%",,2013_08_25
33,GME GameCoin,GME,"$18,735.27",$0.0003302,56.732.848 GME,"5,33%",--,--,,2013_08_25
34,BTE Bytecoin,BTE,"$15,650.44",$0.01677,933.200 BTE,"-0,16%","25,15%","-5,30%",,2013_08_25
35,BTB BitBar,BTB,"$12,930.40",$2.4422,5295 BTB,"-0,16%","-15,28%","1,85%",,2013_08_25
36,ARG Argentum,ARG,"$12,459.61",$0.03187,390.924 ARG,"-0,16%","1,71%","1,83%",,2013_08_25
37,ALF AlphaCoin,ALF,"$9,696.55",$0.0008023,12.086.400 ALF,"-0,16%","-3,82%","-5,86%",,2013_08_25
38,CSC CasinoCoin,CSC,"$7,181.49",$0.003023,2.375.250 CSC,"-0,16%","1,71%","-1,36%",,2013_08_25
39,GLC GlobalCoin,GLC,"$7,114.72",$0.0004713,15.094.400 GLC,"-12,61%","9,22%","-19,44%",,2013_08_25
40,NAN NanoToken,NAN,"$5,822.96",$0.007864,740.462 NAN,"-0,16%","-4,96%","-6,23%",,2013_08_25
41,SBC StableCoin,SBC,"$5,763.95",$0.00122,4.724.980 SBC,"29,20%","78,49%","23,38%",,2013_08_25
42,NBL Nibble,NBL,"$5,277.80",$0.005422,973.454 NBL,"-0,16%","1,70%","-17,03%",,2013_08_25
43,SPT Spots,SPT,"$5,166.40",$0.006106,846.181 SPT,"-0,16%","1,66%","-14,50%",,2013_08_25
44,CRC CraftCoin,CRC,"$4,928.93",$0.0464,106.222 CRC,"-1,49%","-19,18%","-20,46%",,2013_08_25
45,EMD Emerald Crypto,EMD,"$3,630.87",$0.002044,1.776.235 EMD,"-0,16%","-14,91%","-23,06%",,2013_08_25
46,HYC Hypercoin,HYC,"$3,552.22",$0.006936,512.150 HYC,"-0,16%","1,57%","-6,64%",,2013_08_25
47,ELC Elacoin,ELC,"$1,781.65",$0.07876,22.621 ELC,"-0,16%","98,29%","63,14%",,2013_08_25
